,adj_close_telefonica,adj_close_vodafone
2012-01-12,52.53609085083008,17.96772003173828
2012-01-13,52.33910369873047,17.36686134338379
2012-01-17,52.94874954223633,17.3991641998291
2012-01-18,53.498565673828125,17.59299087524414
2012-01-19,53.32901382446289,17.56714630126953
2012-01-20,52.40018844604492,17.93541717529297
2012-01-23,53.286617279052734,18.00002670288086
2012-01-24,52.413909912109375,17.870807647705078
2012-01-25,55.68658447265625,17.83204460144043
2012-01-26,55.43349838256836,17.670520782470703
2012-01-27,55.76388168334961,17.53484535217285
2012-01-30,56.47825622558594,17.5736083984375
2012-01-31,56.91086196899414,17.496074676513672
2012-02-01,56.87474060058594,17.496074676513672
2012-02-02,56.74131774902344,17.59299087524414
2012-02-03,57.30984115600586,18.006488800048828
2012-02-06,57.84467315673828,18.245540618896484
2012-02-07,58.45058822631836,18.05171012878418
2012-02-08,59.42926788330078,17.85788917541504
2012-02-09,61.48515701293945,17.941879272460938
2012-02-10,61.516300201416016,17.70282554626465
2012-02-13,62.660804748535156,17.786813735961914
2012-02-14,63.51606750488281,17.728666305541992
2012-02-15,62.046180725097656,17.638216018676758
2012-02-16,62.6121826171875,17.812660217285156
2012-02-17,62.600982666015625,17.954801559448242
2012-02-21,64.18805694580078,17.987106323242188
2012-02-22,63.96238327026367,17.715744018554688
2012-02-23,64.38004302978516,17.689903259277344
2012-02-24,65.1305923461914,17.64467430114746
2012-02-27,65.54824829101562,17.651140213012695
2012-02-28,66.75132751464844,17.786813735961914
2012-02-29,67.6278076171875,17.502534866333008
2012-03-01,67.8808822631836,17.735132217407227
2012-03-02,67.9693832397461,17.560686111450195
2012-03-05,66.4708480834961,17.541305541992188
2012-03-06,66.1092529296875,17.334556579589844
2012-03-07,66.1628646850586,17.347476959228516
2012-03-08,67.57167053222656,17.44439125061035
2012-03-09,67.96814727783203,17.173032760620117
2012-03-12,68.81965637207031,17.30870819091797
2012-03-13,70.82691955566406,17.483152389526367
2012-03-14,73.50489044189453,16.96628761291504
2012-03-15,73.00371551513672,16.985668182373047
2012-03-16,73.00495910644531,17.063199996948242
2012-03-19,74.94112396240234,17.218257904052734
2012-03-20,75.54705047607422,17.676982879638672
2012-03-21,75.11566162109375,17.670520782470703
2012-03-22,74.72171783447266,17.922496795654297
2012-03-23,74.31153869628906,17.864347457885742
2012-03-26,75.67420959472656,18.06463623046875
2012-03-27,76.60926055908203,17.993566513061523
2012-03-28,77.000732421875,17.948339462280273
2012-03-29,76.03327941894531,18.09694480895996
2012-03-30,74.7479019165039,17.877269744873047
2012-04-02,77.12667846679688,18.2907657623291
2012-04-03,78.45939636230469,18.16155433654785
2012-04-04,77.83479309082031,17.79973793029785
2012-04-05,79.00298309326172,17.676982879638672
2012-04-09,79.32090759277344,17.631755828857422
2012-04-10,78.34970092773438,17.412086486816406
2012-04-11,78.0704345703125,17.528383255004883
2012-04-12,77.64279174804688,17.5736083984375
2012-04-13,75.45603942871094,17.412086486816406
2012-04-16,72.32671356201172,17.599449157714844
2012-04-17,76.0133056640625,17.812660217285156
2012-04-18,75.84378051757812,17.670520782470703
2012-04-19,73.23809814453125,17.89665412902832
2012-04-20,71.435302734375,17.890193939208984
2012-04-23,71.27572631835938,17.89665412902832
2012-04-24,69.85197448730469,17.93541717529297
2012-04-25,76.05071258544922,17.948339462280273
2012-04-26,75.76397705078125,18.116321563720703
2012-04-27,75.17799377441406,18.045251846313477
2012-04-30,72.80670166015625,17.974185943603516
2012-05-01,72.5760726928711,18.103403091430664
2012-05-02,73.05607604980469,18.129243850708008
2012-05-03,72.53742980957031,18.116321563720703
2012-05-04,70.47158813476562,17.954801559448242
2012-05-07,70.99896240234375,18.084016799926758
2012-05-08,70.83687591552734,18.06463623046875
2012-05-09,70.96157836914062,17.812660217285156
2012-05-10,71.12862396240234,17.974185943603516
2012-05-11,70.65361022949219,17.83204460144043
2012-05-14,69.59513092041016,17.689903259277344
2012-05-15,68.9655532836914,17.651140213012695
2012-05-16,68.08158111572266,17.302248001098633
2012-05-17,66.09183502197266,16.91459846496582
2012-05-18,66.12422943115234,16.8629093170166
2012-05-21,69.97663116455078,16.985668182373047
2012-05-22,69.4393081665039,17.515460968017578
2012-05-23,71.13359069824219,17.36686134338379
2012-05-24,70.48033142089844,17.509000778198242
2012-05-25,70.10255432128906,17.560686111450195
2012-05-29,71.34681701660156,17.528383255004883
2012-05-30,72.20702362060547,17.28287124633789
2012-05-31,72.0274887084961,17.30870819091797
2012-06-01,69.94049072265625,17.302248001098633
2012-06-04,70.3519058227539,17.32163429260254
2012-06-05,70.16987609863281,17.34101676940918
2012-06-06,71.24581909179688,17.61715316772461
2012-06-07,71.27822875976562,17.61715316772461
2012-06-08,72.35042572021484,17.831830978393555
2012-06-11,71.20964813232422,17.751323699951172
2012-06-12,71.8317642211914,18.274606704711914
2012-06-13,71.33308410644531,18.247774124145508
2012-06-14,71.25454711914062,18.408782958984375
2012-06-15,71.57869720458984,18.475872039794922
2012-06-18,73.03114318847656,18.388656616210938
2012-06-19,73.2343521118164,18.811304092407227
2012-06-20,73.02613830566406,18.77776527404785
2012-06-21,72.02005004882812,18.5362491607666
2012-06-22,72.57234954833984,18.569793701171875
2012-06-25,71.1597900390625,18.69725799560547
2012-06-26,71.31689453125,18.771055221557617
2012-06-27,71.62482452392578,18.925355911254883
2012-06-28,70.94534301757812,18.925355911254883
2012-06-29,72.8092041015625,18.905229568481445
2012-07-02,73.8714370727539,18.979026794433594
2012-07-03,74.73042297363281,18.945480346679688
2012-07-05,76.04324340820312,18.992441177368164
2012-07-06,75.53707885742188,18.858272552490234
2012-07-09,76.53571319580078,18.972312927246094
2012-07-10,75.82757568359375,18.885101318359375
2012-07-11,75.35627746582031,19.180288314819336
2012-07-12,74.6668472290039,18.911937713623047
2012-07-13,75.42362213134766,19.180288314819336
2012-07-16,75.66548156738281,19.348007202148438
2012-07-17,75.66923522949219,19.321168899536133
2012-07-18,75.58443450927734,19.482181549072266
2012-07-19,76.58930969238281,19.354719161987305
2012-07-20,75.34009552001953,18.91864585876465
2012-07-23,75.28147888183594,18.76434898376465
2012-07-24,74.918701171875,18.522830963134766
2012-07-25,71.68342590332031,18.489288330078125
2012-07-26,71.67220306396484,19.02598762512207
2012-07-27,72.9538345336914,19.26078987121582
2012-07-30,74.18435668945312,19.34129524230957
2012-07-31,76.1454849243164,19.287628173828125
2012-08-01,75.65301513671875,19.75052833557129
2012-08-02,75.77519226074219,19.616355895996094
2012-08-03,76.7613525390625,19.931663513183594
2012-08-06,77.6153564453125,19.945083618164062
2012-08-07,77.41091918945312,19.99204444885254
2012-08-08,77.27999114990234,20.173181533813477
2012-08-09,77.72071075439453,19.945083618164062
2012-08-10,77.84219360351562,20.11280059814453
2012-08-13,78.88142395019531,20.059133529663086
2012-08-14,79.093017578125,20.10609245300293
2012-08-15,78.98533630371094,19.87799644470215
2012-08-16,79.67526245117188,19.636484146118164
2012-08-17,81.14894104003906,19.623065948486328
2012-08-20,83.28250885009766,19.75052833557129
2012-08-21,82.14434051513672,19.710281372070312
2012-08-22,83.74828338623047,19.555978775024414
2012-08-23,82.96697998046875,19.57610511779785
2012-08-24,83.04086303710938,19.636484146118164
2012-08-27,84.60094451904297,19.649900436401367
2012-08-28,84.49076843261719,19.6431884765625
2012-08-29,84.3242416381836,19.616355895996094
2012-08-30,83.1222152709961,19.4888916015625
2012-08-31,83.29376220703125,19.401676177978516
2012-09-04,84.5120620727539,19.07965660095215
2012-09-05,83.91856384277344,18.958898544311523
2012-09-06,84.67481994628906,19.126617431640625
2012-09-07,85.19693756103516,18.979026794433594
2012-09-10,82.98074340820312,18.885101318359375
2012-09-11,82.71154022216797,19.03269386291504
2012-09-12,83.86347198486328,18.905229568481445
2012-09-13,85.51497650146484,19.294336318969727
2012-09-14,86.55421447753906,19.09978485107422
2012-09-17,87.61848449707031,18.952194213867188
2012-09-18,87.88516998291016,19.173580169677734
2012-09-19,87.9089584350586,19.052824020385742
2012-09-20,87.48324584960938,19.140033721923828
2012-09-21,87.65730285644531,19.368133544921875
2012-09-24,86.49285888671875,19.401676177978516
2012-09-25,84.33300018310547,19.354719161987305
2012-09-26,83.2862548828125,19.274208068847656
2012-09-27,85.30711364746094,19.394968032836914
2012-09-28,83.52667236328125,19.119909286499023
2012-10-01,82.56129455566406,19.052824020385742
2012-10-02,82.80170440673828,19.052824020385742
2012-10-03,84.07133483886719,19.24737548828125
2012-10-04,83.48908233642578,19.394968032836914
2012-10-05,81.70988464355469,19.54926872253418
2012-10-08,79.90435028076172,19.47547149658203
2012-10-09,79.61387634277344,19.207122802734375
2012-10-10,80.2474594116211,19.166866302490234
2012-10-11,78.64351654052734,19.146739959716797
2012-10-12,78.84510040283203,18.885101318359375
2012-10-15,79.47742462158203,18.797883987426758
2012-10-16,81.35929870605469,18.844850540161133
2012-10-17,80.71070098876953,18.952194213867188
2012-10-18,79.21194458007812,19.039405822753906
2012-10-19,76.35722351074219,19.039405822753906
2012-10-22,79.38600158691406,19.072946548461914
2012-10-23,76.79795837402344,18.75763511657715
2012-10-24,77.23241424560547,18.60333824157715
2012-10-25,76.31964874267578,18.542957305908203
2012-10-26,75.62599182128906,18.388656616210938
2012-10-31,74.53916931152344,18.26789665222168
2012-11-01,74.69196319580078,18.408782958984375
2012-11-02,72.2203140258789,18.053220748901367
2012-11-05,73.1994400024414,18.053220748901367
2012-11-06,72.97783660888672,18.167264938354492
2012-11-07,70.18550872802734,18.066638946533203
2012-11-08,67.63843536376953,17.90562629699707
2012-11-09,68.80946350097656,17.81841468811035
2012-11-12,68.27741241455078,17.704362869262695
2012-11-13,68.28620910644531,17.234752655029297
2012-11-14,67.52902221679688,17.14753532409668
2012-11-15,66.11273956298828,16.89931869506836
2012-11-16,66.37183380126953,16.952987670898438
2012-11-19,71.15779876708984,17.16095542907715
2012-11-20,70.55152893066406,17.25554084777832
2012-11-21,70.65089416503906,17.35821533203125
2012-11-23,71.883544921875,17.412975311279297
2012-11-26,74.1513671875,17.289766311645508
2012-11-27,73.55388641357422,17.139183044433594
2012-11-28,73.32247161865234,17.330835342407227
2012-11-29,74.12997436523438,17.590938568115234
2012-11-30,73.61679077148438,17.65938377380371
2012-12-03,73.73126220703125,17.556713104248047
2012-12-04,72.43069458007812,17.618314743041992
2012-12-05,67.76927185058594,17.57040023803711
2012-12-06,68.83209991455078,17.74836540222168
2012-12-07,67.07241821289062,17.714139938354492
2012-12-10,66.64102172851562,17.707298278808594
2012-12-11,68.09630584716797,17.741518020629883
2012-12-12,67.79566955566406,17.79627799987793
2012-12-13,66.6246566772461,17.8852596282959
2012-12-14,64.12163543701172,17.679914474487305
2012-12-17,65.25867462158203,17.54302406311035
2012-12-18,67.15420532226562,17.371906280517578
2012-12-19,66.19951629638672,17.35821533203125
2012-12-20,65.6234359741211,17.419818878173828
2012-12-21,65.3215560913086,17.20078468322754
2012-12-24,65.42721557617188,17.193944931030273
2012-12-26,64.52538299560547,17.180253982543945
2012-12-27,64.78447723388672,17.25554084777832
2012-12-28,64.09647369384766,17.118650436401367
2012-12-31,66.93658447265625,17.241853713989258
2013-01-02,69.0572509765625,17.556713104248047
2013-01-03,68.18560028076172,17.330835342407227
2013-01-04,66.28630065917969,17.666227340698242
2013-01-07,65.89636993408203,18.1658935546875
2013-01-08,66.07372283935547,17.940013885498047
2013-01-09,65.04108428955078,18.070064544677734
2013-01-10,65.84732818603516,18.241182327270508
2013-01-11,65.4435806274414,18.20011329650879
2013-01-14,63.11034393310547,17.98108673095703
2013-01-15,61.119232177734375,17.91263771057129
2013-01-16,63.65623474121094,17.488265991210938
2013-01-17,63.22732925415039,17.597780227661133
2013-01-18,62.89023208618164,17.70045280456543
2013-01-22,63.49021911621094,17.741518020629883
2013-01-23,64.65242004394531,17.864723205566406
2013-01-24,56.664100646972656,18.330163955688477
2013-01-25,55.32832336425781,18.528661727905273
2013-01-28,56.57982635498047,18.514970779418945
2013-01-29,57.641414642333984,18.692935943603516
2013-01-30,57.460304260253906,18.740848541259766
2013-01-31,57.291748046875,18.699783325195312
2013-02-01,57.05653381347656,18.68609046936035
2013-02-04,55.635215759277344,18.460216522216797
2013-02-05,57.587337493896484,18.40545654296875
2013-02-06,57.52569580078125,18.40545654296875
2013-02-07,59.236175537109375,18.5491943359375
2013-02-08,60.091400146484375,18.8298282623291
2013-02-11,60.71763610839844,18.617643356323242
2013-02-12,59.19567108154297,18.63817596435547
2013-02-13,59.083072662353516,18.241182327270508
2013-02-14,59.029937744140625,17.830503463745117
2013-02-15,58.216468811035156,17.762052536010742
2013-02-19,58.19496154785156,17.33768081665039
2013-02-20,56.78559112548828,16.899620056152344
2013-02-21,56.4326171875,16.824323654174805
2013-02-22,57.03356170654297,17.118650436401367
2013-02-25,56.02018356323242,16.838016510009766
2013-02-26,56.80077362060547,16.803794860839844
2013-02-27,56.244117736816406,17.2213191986084
2013-02-28,55.843074798583984,17.20762825012207
2013-03-01,54.460269927978516,17.392440795898438
2013-03-04,53.14201354980469,17.36505889892578
2013-03-05,54.54505157470703,18.26171875
2013-03-06,53.85174560546875,18.487592697143555
2013-03-07,54.47418975830078,18.460216522216797
2013-03-08,54.61842727661133,18.96672248840332
2013-03-11,55.396480560302734,18.946197509765625
2013-03-12,54.202186584472656,18.836673736572266
2013-03-13,54.19206619262695,18.658714294433594
2013-03-14,54.71710205078125,19.0283260345459
2013-03-15,56.12898254394531,18.925655364990234
2013-03-18,57.65475082397461,19.1173095703125
2013-03-19,57.49913024902344,19.391098022460938
2013-03-20,57.1942253112793,19.144685745239258
2013-03-21,57.27646255493164,19.055707931518555
2013-03-22,58.4378662109375,19.185758590698242
2013-03-25,58.64912796020508,19.44585609436035
2013-03-26,58.34043502807617,19.603281021118164
2013-03-27,57.1942253112793,19.329498291015625
2013-03-28,56.00246810913086,19.439010620117188
2013-04-01,54.262908935546875,19.397939682006836
2013-04-02,54.374244689941406,20.130329132080078
2013-04-03,54.65257263183594,19.21997833251953
2013-04-04,54.11236572265625,19.281579971313477
2013-04-05,53.54051971435547,19.261049270629883
2013-04-08,53.92132568359375,19.527990341186523
2013-04-09,54.018741607666016,19.651199340820312
2013-04-10,55.12067794799805,19.918142318725586
2013-04-11,54.9486083984375,20.034502029418945
2013-04-12,54.375511169433594,20.123483657836914
2013-04-15,53.116703033447266,19.870227813720703
2013-04-16,53.92511749267578,20.020811080932617
2013-04-17,50.959651947021484,19.705955505371094
2013-04-18,49.5996208190918,20.191930770874023
2013-04-19,49.407325744628906,20.2535343170166
2013-04-22,50.43714904785156,20.356201171875
2013-04-23,51.38093948364258,20.397268295288086
2013-04-24,51.29618453979492,20.260377883911133
2013-04-25,51.66559600830078,20.828489303588867
2013-04-26,52.78144454956055,20.96538543701172
2013-04-29,54.41598892211914,20.93800163269043
2013-04-30,56.01764678955078,20.93800163269043
2013-05-01,55.57611846923828,20.903783798217773
2013-05-02,56.36429977416992,20.57523536682129
2013-05-03,56.92856979370117,20.766887664794922
2013-05-06,58.28605270385742,20.643680572509766
2013-05-07,58.02669143676758,20.739505767822266
2013-05-08,58.68203353881836,20.62999153137207
2013-05-09,58.17008590698242,20.438339233398438
2013-05-10,57.6861457824707,20.616302490234375
2013-05-13,57.911563873291016,20.301443099975586
2013-05-14,56.52597427368164,20.342510223388672
2013-05-15,54.614444732666016,20.465717315673828
2013-05-16,55.34416580200195,20.6368408203125
2013-05-17,55.17605209350586,20.691593170166016
2013-05-20,56.40753936767578,20.60261344909668
2013-05-21,55.9911003112793,20.671062469482422
2013-05-22,56.20633316040039,20.07557487487793
2013-05-23,56.30693054199219,20.09610366821289
2013-05-24,56.69025802612305,20.267221450805664
2013-05-28,56.21779251098633,20.260377883911133
2013-05-29,56.66478729248047,20.07557487487793
2013-05-30,57.50910949707031,20.171398162841797
2013-05-31,57.27352523803711,19.822315216064453
2013-06-03,57.39960861206055,19.74018096923828
2013-06-04,57.22004318237305,20.07557487487793
2013-06-05,56.6851692199707,19.76755714416504
2013-06-06,55.838279724121094,20.157705307006836
2013-06-07,56.26490020751953,20.301443099975586
2013-06-10,55.89305114746094,20.438339233398438
2013-06-11,55.72875213623047,20.438339233398438
2013-06-12,55.039791107177734,19.943605422973633
2013-06-13,55.51991271972656,20.085453033447266
2013-06-14,54.76725769042969,19.97197914123535
2013-06-17,55.01559829711914,20.255672454833984
2013-06-18,54.986305236816406,20.362058639526367
2013-06-19,53.86944580078125,19.78757667541504
2013-06-20,53.0849494934082,19.440052032470703
2013-06-21,52.659610748291016,19.340763092041016
2013-06-24,51.26383972167969,19.369131088256836
2013-06-25,51.27529525756836,19.858503341674805
2013-06-26,50.694583892822266,20.0074405670166
2013-06-27,50.14823913574219,20.1563777923584
2013-06-28,50.49845504760742,20.390422821044922
2013-07-01,52.114540100097656,20.38332748413086
2013-07-02,53.29508590698242,20.32659339904785
2013-07-03,53.58926010131836,20.3691463470459
2013-07-05,53.158817291259766,20.411699295043945
2013-07-08,52.85699462890625,20.390422821044922
2013-07-09,53.786651611328125,20.440067291259766
2013-07-10,53.580360412597656,20.418792724609375
2013-07-11,54.415775299072266,20.780502319335938
2013-07-12,54.31644058227539,20.922348022460938
2013-07-15,54.434871673583984,20.886886596679688
2013-07-16,54.786354064941406,20.815963745117188
2013-07-17,54.80037307739258,20.7875919342041
2013-07-18,54.98503112792969,20.652841567993164
2013-07-19,54.117767333984375,20.94362449645996
2013-07-22,54.29096984863281,21.000364303588867
2013-07-23,53.3587646484375,21.163488388061523
2013-07-24,56.0993537902832,21.000364303588867
2013-07-25,55.8433837890625,21.106748580932617
2013-07-26,56.16047286987305,21.156394958496094
2013-07-29,57.02647018432617,21.19185447692871
2013-07-30,57.73073196411133,21.120933532714844
2013-07-31,57.630104064941406,21.24150276184082
2013-08-01,58.15861129760742,21.525197982788086
2013-08-02,58.90488052368164,21.667043685913086
2013-08-05,59.784881591796875,21.64576530456543
2013-08-06,59.2500114440918,21.58902931213379
2013-08-07,59.21563720703125,21.695411682128906
2013-08-08,59.09769821166992,21.695411682128906
2013-08-09,58.25674819946289,21.7095947265625
2013-08-12,59.91169738769531,21.468460083007812
2013-08-13,62.75884246826172,21.72378158569336
2013-08-14,63.903587341308594,21.468460083007812
2013-08-15,63.82797622680664,21.291147232055664
2013-08-16,64.39456939697266,21.206039428710938
2013-08-19,65.08806610107422,20.915254592895508
2013-08-20,64.23304748535156,21.14930534362793
2013-08-21,64.3984146118164,21.113840103149414
2013-08-22,64.47532653808594,20.98617935180664
2013-08-23,64.22663879394531,21.24150276184082
2013-08-26,64.47661590576172,21.163488388061523
2013-08-27,62.63322067260742,20.808870315551758
2013-08-28,62.929325103759766,20.858516693115234
2013-08-29,63.03191375732422,22.5535831451416
2013-08-30,62.45759963989258,22.943660736083984
2013-09-03,62.631935119628906,22.70252227783203
2013-09-04,63.927947998046875,22.986215591430664
2013-09-05,63.48952102661133,23.227354049682617
2013-09-06,63.86770248413086,23.32664680480957
2013-09-09,64.88683319091797,23.64579963684082
2013-09-10,63.408782958984375,23.41884422302246
2013-09-11,59.956573486328125,23.532323837280273
2013-09-12,60.594974517822266,23.688352584838867
2013-09-13,59.59634780883789,23.82310676574707
2013-09-16,57.70167541503906,24.03588104248047
2013-09-17,58.368282318115234,23.972049713134766
2013-09-18,59.568172454833984,24.234460830688477
2013-09-19,60.544979095458984,23.787647247314453
2013-09-20,59.918113708496094,23.81601333618164
2013-09-23,62.89601135253906,23.91530990600586
2013-09-24,62.698604583740234,24.41886329650879
2013-09-25,61.72817611694336,24.659997940063477
2013-09-26,62.32939147949219,24.85858726501465
2013-09-27,61.884578704833984,24.823123931884766
2013-09-30,61.11542510986328,24.950788497924805
2013-10-01,62.55245590209961,25.07845115661621
2013-10-02,62.75754928588867,25.411788940429688
2013-10-03,61.96919631958008,25.20611000061035
2013-10-04,61.920475006103516,25.149372100830078
2013-10-07,62.52553939819336,24.92241859436035
2013-10-08,61.65255355834961,24.659997940063477
2013-10-09,62.3768196105957,24.425954818725586
2013-10-10,62.7678108215332,24.716745376586914
2013-10-11,63.1741943359375,25.128093719482422
2013-10-14,63.58824920654297,25.199016571044922
2013-10-15,63.926673889160156,25.128093719482422
2013-10-16,64.2381820678711,25.610370635986328
2013-10-17,64.67272186279297,26.305419921875
2013-10-18,65.23551940917969,26.07847023010254
2013-10-21,66.83407592773438,26.19194221496582
2013-10-22,66.64305114746094,26.156482696533203
2013-10-23,67.29554748535156,26.248682022094727
2013-10-24,68.18647766113281,26.2344970703125
2013-10-25,67.42371368408203,25.9507999420166
2013-10-28,67.92623901367188,25.872783660888672
2013-10-29,66.23411560058594,25.773496627807617
2013-10-30,67.28787231445312,25.75931167602539
2013-10-31,67.0058364868164,26.135202407836914
2013-11-01,66.66355895996094,26.17776107788086
2013-11-04,67.52500915527344,26.10683822631836
2013-11-05,67.35836791992188,26.10683822631836
2013-11-06,67.16752624511719,26.35506820678711
2013-11-07,66.08057403564453,25.858604431152344
2013-11-08,67.12112426757812,25.915346145629883
2013-11-11,66.92639923095703,25.738033294677734
2013-11-12,67.05018615722656,26.014633178710938
2013-11-13,67.130126953125,26.277048110961914
2013-11-14,68.10105895996094,26.35506820678711
2013-11-15,67.69232940673828,26.41889762878418
2013-11-18,66.87226867675781,26.539466857910156
2013-11-19,66.99089050292969,26.29123306274414
2013-11-20,66.40422058105469,26.164653778076172
2013-11-21,67.19589233398438,26.740968704223633
2013-11-22,67.02310180664062,26.7193603515625
2013-11-25,67.5311508178711,26.618505477905273
2013-11-26,68.77668762207031,26.62571144104004
2013-11-27,70.39617919921875,26.776992797851562
2013-11-29,71.69978332519531,26.7193603515625
2013-12-02,71.0757064819336,26.632917404174805
2013-12-03,73.02140045166016,26.632917404174805
2013-12-04,72.8512191772461,26.503236770629883
2013-12-05,73.22515106201172,26.48162841796875
2013-12-06,72.20909881591797,27.173206329345703
2013-12-09,73.03560638427734,27.482975006103516
2013-12-10,72.9221420288086,27.367713928222656
2013-12-11,72.38186645507812,27.151596069335938
2013-12-12,72.27615356445312,26.978696823120117
2013-12-13,71.48831939697266,26.51044273376465
2013-12-16,71.8841552734375,26.611295700073242
2013-12-17,71.56051635742188,26.66893196105957
2013-12-18,71.01641082763672,27.144393920898438
2013-12-19,70.20277404785156,27.61985206604004
2013-12-20,70.79074096679688,27.605440139770508
2013-12-23,73.50750732421875,27.76392936706543
2013-12-24,73.19547271728516,28.124126434326172
2013-12-26,72.7093734741211,28.131328582763672
2013-12-27,72.21812438964844,28.275407791137695
2013-12-30,71.49990844726562,28.10251235961914
2013-12-31,72.3380355834961,28.318626403808594
2014-01-02,71.3206787109375,28.001651763916016
2014-01-03,69.75406646728516,27.670276641845703
2014-01-06,70.13443756103516,27.908004760742188
2014-01-07,69.63286590576172,27.958436965942383
2014-01-08,70.07386779785156,27.936817169189453
2014-01-09,69.17900085449219,27.980043411254883
2014-01-10,68.71739959716797,27.871986389160156
2014-01-13,69.0771484375,27.389320373535156
2014-01-14,70.45165252685547,27.91521644592285
2014-01-15,71.86612701416016,28.04487419128418
2014-01-16,71.4651107788086,27.97283935546875
2014-01-17,69.71409606933594,28.26099967956543
2014-01-21,70.79720306396484,28.23938751220703
2014-01-22,71.11180877685547,28.2321834564209
2014-01-23,71.71397399902344,28.1601505279541
2014-01-24,70.41038513183594,27.403730392456055
2014-01-27,70.9815902709961,26.51044273376465
2014-01-28,65.30821228027344,26.776992797851562
2014-01-29,64.56680297851562,26.877843856811523
2014-01-30,64.44174194335938,26.820215225219727
2014-01-31,64.5474624633789,26.697744369506836
2014-02-03,64.66736602783203,25.898113250732422
2014-02-04,65.60348510742188,25.689199447631836
2014-02-05,66.09347534179688,25.50189781188965
2014-02-06,66.47868347167969,26.416799545288086
2014-02-07,67.40872192382812,26.351959228515625
2014-02-10,68.61637115478516,26.114229202270508
2014-02-11,69.52043914794922,26.33755111694336
2014-02-12,69.5152587890625,26.395179748535156
2014-02-13,70.61907958984375,26.517650604248047
2014-02-14,70.5620346069336,26.517650604248047
2014-02-18,70.82146453857422,26.7193603515625
2014-02-19,69.70333099365234,26.89225196838379
2014-02-20,68.8965072631836,27.908004760742188
2014-02-21,68.13121032714844,28.095308303833008
2014-02-24,68.4295654296875,29.479597091674805
2014-02-25,67.71744537353516,29.429508209228516
2014-02-26,67.10651397705078,29.028818130493164
2014-02-27,68.44512939453125,29.522525787353516
2014-02-28,68.2596206665039,29.744342803955078
2014-03-03,68.45679473876953,29.250625610351562
2014-03-04,68.908203125,29.694255828857422
2014-03-05,69.05347442626953,29.372270584106445
2014-03-06,68.84461975097656,29.4008846282959
2014-03-07,68.8044204711914,28.570878982543945
2014-03-10,68.86669921875,27.29009246826172
2014-03-11,69.53730773925781,26.86793327331543
2014-03-12,69.60474395751953,27.16129493713379
2014-03-13,68.8316879272461,26.617504119873047
2014-03-14,68.05860137939453,26.460081100463867
2014-03-17,68.32450866699219,26.80353546142578
2014-03-18,68.928955078125,26.918010711669922
2014-03-19,68.91080474853516,26.86077880859375
2014-03-20,68.57872772216797,26.746294021606445
2014-03-21,69.1196060180664,26.696212768554688
2014-03-24,69.93940734863281,26.259740829467773
2014-03-25,70.6917495727539,26.331289291381836
2014-03-26,70.01595306396484,25.952064514160156
2014-03-27,69.71501922607422,25.79464340209961
2014-03-28,69.6371841430664,26.080856323242188
2014-03-31,69.62161254882812,26.338443756103516
2014-04-01,70.25850677490234,26.28120231628418
2014-04-02,70.37525939941406,26.274049758911133
2014-04-03,69.88751983642578,25.94490623474121
2014-04-04,68.98344421386719,25.723094940185547
2014-04-07,67.90034484863281,25.787492752075195
2014-04-08,67.89644622802734,25.75887107849121
2014-04-09,68.78886413574219,26.538787841796875
2014-04-10,67.90166473388672,25.823270797729492
2014-04-11,67.3996353149414,25.329559326171875
2014-04-14,67.66813659667969,25.41541862487793
2014-04-15,67.18562316894531,25.308088302612305
2014-04-16,67.32182312011719,25.508438110351562
2014-04-17,68.09101867675781,25.751718521118164
2014-04-21,68.89912414550781,25.87335205078125
2014-04-22,68.96788024902344,26.145252227783203
2014-04-23,68.06636810302734,25.701629638671875
2014-04-24,73.64656066894531,26.059389114379883
2014-04-25,74.18746185302734,26.238271713256836
2014-04-28,77.06060791015625,26.374223709106445
2014-04-29,76.83232116699219,26.83931541442871
2014-04-30,76.54175567626953,27.16129493713379
2014-05-01,76.7220687866211,26.681900024414062
2014-05-02,76.86474609375,26.82500457763672
2014-05-05,77.95171356201172,26.953794479370117
2014-05-06,77.10211944580078,27.16129493713379
2014-05-07,76.83232116699219,27.29724884033203
2014-05-08,76.69535064697266,27.37595558166504
2014-05-09,76.37577819824219,27.189922332763672
2014-05-12,77.32666015625,27.053966522216797
2014-05-13,77.4479751586914,26.5173282623291
2014-05-14,77.46231842041016,26.524484634399414
2014-05-15,76.80360412597656,25.95921516418457
2014-05-16,77.93710327148438,26.073699951171875
2014-05-19,78.860595703125,25.98068618774414
2014-05-20,78.8762435913086,24.47808074951172
2014-05-21,79.08495330810547,24.635499954223633
2014-05-22,79.21016693115234,24.635499954223633
2014-05-23,80.10496520996094,24.757139205932617
2014-05-27,81.60498046875,24.950326919555664
2014-05-28,81.39368438720703,25.014720916748047
2014-05-29,82.8767318725586,25.071969985961914
2014-05-30,82.56629943847656,25.050500869750977
2014-06-02,81.9989013671875,24.96463966369629
2014-06-03,83.158447265625,24.814376831054688
2014-06-04,84.10804748535156,24.485240936279297
2014-06-05,84.43806457519531,24.621185302734375
2014-06-06,84.20587921142578,25.0075740814209
2014-06-09,85.55329895019531,24.950326919555664
2014-06-10,86.05547332763672,24.99325942993164
2014-06-11,85.69939422607422,24.738876342773438
2014-06-12,84.2658920288086,24.434551239013672
2014-06-13,83.34368896484375,24.404861450195312
2014-06-16,84.1837158203125,24.41971206665039
2014-06-17,84.07414245605469,24.612689971923828
2014-06-18,84.16544342041016,25.072877883911133
2014-06-19,83.87326049804688,24.441978454589844
2014-06-20,83.00587463378906,24.145078659057617
2014-06-23,82.93281555175781,24.137659072875977
2014-06-24,82.4306411743164,23.751693725585938
2014-06-25,82.50369262695312,24.018898010253906
2014-06-26,82.99674224853516,24.63495445251465
2014-06-27,83.98284149169922,24.813098907470703
2014-06-30,84.8502197265625,24.783409118652344
2014-07-01,85.38893127441406,24.88732147216797
2014-07-02,85.35242462158203,24.82794189453125
2014-07-03,85.8545913696289,25.087724685668945
2014-07-07,87.62593078613281,24.842788696289062
2014-07-08,87.05982971191406,24.174768447875977
2014-07-09,87.0963363647461,24.278682708740234
2014-07-10,86.77678680419922,24.078275680541992
2014-07-11,86.94114685058594,24.152502059936523
2014-07-14,88.06417083740234,24.427133560180664
2014-07-15,87.0324478149414,24.783409118652344
2014-07-16,86.5394058227539,24.902164459228516
2014-07-17,84.99632263183594,24.60527229309082
2014-07-18,86.21981811523438,24.783409118652344
2014-07-21,85.77244567871094,24.54589080810547
2014-07-22,86.4845962524414,24.731449127197266
2014-07-23,88.73986053466797,24.931856155395508
2014-07-24,88.59375762939453,24.872472763061523
2014-07-25,89.1781234741211,25.35493278503418
2014-07-28,90.4107437133789,25.47368812561035
2014-07-29,89.8263931274414,25.577606201171875
2014-07-30,89.61637878417969,25.495956420898438
2014-07-31,87.2880859375,24.6572265625
2014-08-01,87.77200317382812,24.3900203704834
2014-08-04,87.27896118164062,24.62753677368164
2014-08-05,86.8498306274414,24.404861450195312
2014-08-06,86.70374298095703,24.68691635131836
2014-08-07,86.69457244873047,24.271263122558594
2014-08-08,86.93313598632812,23.885295867919922
2014-08-11,88.08013153076172,24.03374481201172
2014-08-12,88.0617904663086,24.182191848754883
2014-08-13,89.22712707519531,24.441978454589844
2014-08-14,89.4657211303711,24.30095100402832
2014-08-15,89.90617370605469,24.59784698486328
2014-08-18,90.98892974853516,24.813098907470703
2014-08-19,92.24603271484375,24.894742965698242
2014-08-20,92.28274536132812,24.761137008666992
2014-08-21,92.29190063476562,24.865055084228516
2014-08-22,92.97093200683594,25.302974700927734
2014-08-25,93.17279052734375,25.39204216003418
2014-08-26,92.57636260986328,25.280712127685547
2014-08-27,93.71417236328125,25.636985778808594
2014-08-28,93.82431030273438,25.540491104125977
2014-08-29,94.05368041992188,25.48853302001953
2014-09-02,94.78778076171875,25.47368812561035
2014-09-03,90.78704833984375,25.636985778808594
2014-09-04,90.03462219238281,25.362350463867188
2014-09-05,90.81458282470703,24.924436569213867
2014-09-08,90.25483703613281,24.582998275756836
2014-09-09,89.91532135009766,24.68691635131836
2014-09-10,92.67729949951172,24.761137008666992
2014-09-11,93.0718765258789,24.59784698486328
2014-09-12,93.28291320800781,24.516199111938477
2014-09-15,93.25537872314453,24.204458236694336
2014-09-16,92.54883575439453,24.38259506225586
2014-09-17,93.2094955444336,24.278682708740234
2014-09-18,93.40218353271484,24.66464614868164
2014-09-19,92.64059448242188,24.59042739868164
2014-09-22,92.73234558105469,24.36033058166504
2014-09-23,94.18216705322266,24.204458236694336
2014-09-24,93.36549377441406,24.820518493652344
2014-09-25,89.80522155761719,24.6943359375
2014-09-26,92.4478759765625,24.805673599243164
2014-09-29,91.86064147949219,24.909589767456055
2014-09-30,92.4478759765625,24.412288665771484
2014-10-01,91.00727081298828,24.30095100402832
2014-10-02,91.6679458618164,23.99663543701172
2014-10-03,91.41102600097656,24.13023567199707
2014-10-06,91.41102600097656,24.479087829589844
2014-10-07,90.6126937866211,24.412288665771484
2014-10-08,92.49378204345703,24.68691635131836
2014-10-09,92.6956558227539,23.269237518310547
2014-10-10,92.42955780029297,22.898117065429688
2014-10-13,91.58535766601562,22.85358238220215
2014-10-14,90.6126937866211,22.786779403686523
2014-10-15,89.50241088867188,22.13360595703125
2014-10-16,88.32788848876953,22.02227210998535
2014-10-17,89.62169647216797,22.623485565185547
2014-10-20,91.53948211669922,22.786779403686523
2014-10-21,94.02617645263672,23.209857940673828
2014-10-22,94.50331115722656,23.002029418945312
2014-10-23,96.19168853759766,23.32861328125
2014-10-24,96.54954528808594,23.944673538208008
2014-10-27,96.44861602783203,23.670047760009766
2014-10-28,97.94429779052734,24.441978454589844
2014-10-29,98.4948501586914,24.434551239013672
2014-10-30,98.16451263427734,24.47166633605957
2014-10-31,99.10047149658203,24.6572265625
2014-11-03,100.3851089477539,24.493932723999023
2014-11-04,99.65104675292969,24.293529510498047
2014-11-05,99.88961791992188,24.6572265625
2014-11-06,100.17529296875,24.41971206665039
2014-11-07,100.46098327636719,24.54589080810547
2014-11-10,100.29510498046875,24.508777618408203
2014-11-11,101.09687042236328,25.82996368408203
2014-11-12,102.52532196044922,26.23077392578125
2014-11-13,103.97219848632812,26.238195419311523
2014-11-14,105.22554016113281,26.28273582458496
2014-11-17,105.05043029785156,26.690963745117188
2014-11-18,106.41436767578125,26.386648178100586
2014-11-19,105.67709350585938,26.490556716918945
2014-11-20,107.1884765625,26.682113647460938
2014-11-21,107.33594512939453,26.885618209838867
2014-11-24,109.32652282714844,26.636890411376953
2014-11-25,108.37732696533203,26.60673713684082
2014-11-26,109.66753387451172,26.87055015563965
2014-11-28,109.60302734375,27.54890251159668
2014-12-01,106.04573822021484,26.863008499145508
2014-12-02,105.64022827148438,26.95345687866211
2014-12-03,106.83828735351562,26.749948501586914
2014-12-04,106.43280792236328,26.471067428588867
2014-12-05,105.98120880126953,26.976072311401367
2014-12-08,103.58513641357422,26.983606338500977
2014-12-09,105.17022705078125,26.44091796875
2014-12-10,103.17041778564453,26.109275817871094
2014-12-11,102.86629486083984,26.275094985961914
2014-12-12,101.12451934814453,25.295249938964844
2014-12-15,99.74217224121094,25.099275588989258
2014-12-16,98.37821197509766,25.589202880859375
2014-12-17,100.82962036132812,25.95099449157715
2014-12-18,103.81551361083984,26.636890411376953
2014-12-19,103.01375579833984,26.448453903198242
2014-12-22,104.08277130126953,26.41830825805664
2014-12-23,103.71414947509766,26.154502868652344
2014-12-24,103.2257080078125,26.11681365966797
2014-12-26,105.05043029785156,26.267560958862305
2014-12-29,104.97673034667969,26.131887435913086
2014-12-30,103.69571685791016,25.92084503173828
2014-12-31,101.72354125976562,25.755020141601562
2015-01-02,100.75589752197266,25.649497985839844
2015-01-05,97.91742706298828,24.74502182006836
2015-01-06,97.92666625976562,24.58673667907715
2015-01-07,99.2998046875,24.752561569213867
2015-01-08,103.11512756347656,25.619354248046875
2015-01-09,103.2257080078125,25.634422302246094
2015-01-12,100.68215942382812,25.868080139160156
2015-01-13,101.57608032226562,25.9962158203125
2015-01-14,101.18904113769531,25.935916900634766
2015-01-15,98.4427261352539,25.868080139160156
2015-01-16,97.67781066894531,26.07158660888672
2015-01-20,100.1937255859375,26.395694732666016
2015-01-21,100.95864868164062,27.156963348388672
2015-01-22,103.58513641357422,27.14188575744629
2015-01-23,104.11962890625,27.08159065246582
2015-01-26,104.23023223876953,27.14188575744629
2015-01-27,100.58080291748047,27.066516876220703
2015-01-28,106.26691436767578,26.78763771057129
2015-01-29,109.57537841796875,27.089130401611328
2015-01-30,107.97183227539062,26.478605270385742
2015-02-02,109.32652282714844,26.516292572021484
2015-02-03,109.34498596191406,27.066516876220703
2015-02-04,110.18359375,26.945919036865234
2015-02-05,110.97004699707031,26.516292572021484
2015-02-06,110.03556823730469,26.448453903198242
2015-02-09,110.76651000976562,26.154502868652344
2015-02-10,112.89449310302734,26.5615177154541
2015-02-11,115.54060363769531,26.403230667114258
2015-02-12,117.0024185180664,26.915767669677734
2015-02-13,117.57605743408203,27.021289825439453
2015-02-17,118.26997375488281,26.73487091064453
2015-02-18,119.09342956542969,26.267560958862305
2015-02-19,118.84358215332031,26.54644203186035
2015-02-20,119.81507110595703,27.066516876220703
2015-02-23,123.0533218383789,27.11927604675293
2015-02-24,122.28540802001953,26.237409591674805
2015-02-25,119.15816497802734,26.07912826538086
2015-02-26,120.66629028320312,26.064054489135742
2015-02-27,118.85285186767578,26.048980712890625
2015-03-02,119.43573760986328,26.064054489135742
2015-03-03,119.68553161621094,26.094202041625977
2015-03-04,118.9268798828125,26.07912826538086
2015-03-05,116.9561767578125,25.9057674407959
2015-03-06,117.1319580078125,24.850543975830078
2015-03-09,117.63157653808594,24.888229370117188
2015-03-10,115.1982650756836,24.45860481262207
2015-03-11,113.09803771972656,24.345544815063477
2015-03-12,115.14275360107422,24.420917510986328
2015-03-13,114.34705352783203,24.398305892944336
2015-03-16,115.60536193847656,24.79778289794922
2015-03-17,117.53904724121094,24.64703941345215
2015-03-18,118.86211395263672,25.27263069152832
2015-03-19,117.96466064453125,24.98621368408203
2015-03-20,116.48431396484375,25.59674072265625
2015-03-23,117.69631958007812,25.536439895629883
2015-03-24,117.21525573730469,25.28770637512207
2015-03-25,114.15276336669922,25.05405044555664
2015-03-26,114.94845581054688,25.02390480041504
2015-03-27,114.0324935913086,25.21986961364746
2015-03-30,116.91915893554688,25.03898048400879
2015-03-31,115.12425231933594,24.631961822509766
2015-04-01,114.95770263671875,24.654573440551758
2015-04-02,115.94767761230469,24.790245056152344
2015-04-06,117.82585906982422,24.89576530456543
2015-04-07,116.5860824584961,25.00128746032715
2015-04-08,116.20674133300781,25.02390480041504
2015-04-09,117.09495544433594,25.03898048400879
2015-04-10,117.59456634521484,25.27263069152832
2015-04-13,117.36326599121094,25.136962890625
2015-04-14,116.8543930053711,25.581663131713867
2015-04-15,117.29849243164062,25.491214752197266
2015-04-16,116.7341079711914,25.59674072265625
2015-04-17,115.4203109741211,25.543973922729492
2015-04-20,118.05719757080078,25.619354248046875
2015-04-21,117.41876983642578,25.589202880859375
2015-04-22,119.00090026855469,25.777637481689453
2015-04-23,119.97236633300781,26.139423370361328
2015-04-24,120.5367660522461,26.531368255615234
2015-04-27,122.72950744628906,26.508752822875977
2015-04-28,120.79582977294922,26.569053649902344
2015-04-29,119.01940155029297,26.847932815551758
2015-04-30,115.79039764404297,26.531368255615234
2015-05-01,119.30621337890625,26.327857971191406
2015-05-04,119.07491302490234,26.403230667114258
2015-05-05,116.39179992675781,26.19218635559082
2015-05-06,115.66088104248047,26.584125518798828
2015-05-07,116.37626647949219,26.54644203186035
2015-05-08,118.56890106201172,27.021289825439453
2015-05-11,117.36109161376953,27.42076873779297
2015-05-12,116.94300842285156,27.488605499267578
2015-05-13,117.07307434082031,27.812713623046875
2015-05-14,119.80455780029297,27.8353271484375
2015-05-15,119.6373291015625,27.918235778808594
2015-05-18,120.95661926269531,27.518753051757812
2015-05-19,120.84515380859375,27.28510284423828
2015-05-20,120.83580780029297,27.993608474731445
2015-05-21,122.07154083251953,29.154354095458984
2015-05-22,123.13996124267578,29.553831100463867
2015-05-26,120.4270248413086,29.13174057006836
2015-05-27,122.6753921508789,29.13174057006836
2015-05-28,122.433837890625,29.53122329711914
2015-05-29,121.04025268554688,29.418161392211914
2015-06-01,121.28179931640625,29.252336502075195
2015-06-02,120.7429428100586,29.13174057006836
2015-06-03,120.89158630371094,28.830251693725586
2015-06-04,120.18548583984375,28.42323112487793
2015-06-05,119.52582550048828,27.92577362060547
2015-06-08,118.73612976074219,28.05390739440918
2015-06-09,118.38306427001953,28.02375602722168
2015-06-10,119.7395248413086,28.45305061340332
2015-06-11,119.4700927734375,28.51534652709961
2015-06-12,118.15081024169922,28.320674896240234
2015-06-15,117.91854858398438,28.055923461914062
2015-06-16,118.5503158569336,28.437477111816406
2015-06-17,118.2715835571289,28.24280548095703
2015-06-18,118.8104476928711,28.86575698852539
2015-06-19,117.6212387084961,28.772310256958008
2015-06-22,118.55960083007812,29.270668029785156
2015-06-23,118.02072143554688,29.434186935424805
2015-06-24,119.02413940429688,29.177227020263672
2015-06-25,118.45740509033203,29.185016632080078
2015-06-26,117.76060485839844,28.96698570251465
2015-06-29,115.69804382324219,28.429691314697266
2015-06-30,116.53419494628906,28.38296890258789
2015-07-01,117.6212387084961,28.445262908935547
2015-07-02,117.47256469726562,28.56206703186035
2015-07-06,117.06379699707031,28.016986846923828
2015-07-07,116.77577209472656,27.752235412597656
2015-07-08,113.8770523071289,27.347320556640625
2015-07-09,111.55435943603516,27.557565689086914
2015-07-10,114.53669738769531,28.39075469970703
2015-07-13,116.7479019165039,28.484201431274414
2015-07-14,116.70144653320312,28.80345916748047
2015-07-15,117.82563781738281,28.639934539794922
2015-07-16,119.39576721191406,28.84239387512207
2015-07-17,120.4270248413086,28.82682228088379
2015-07-20,122.70327758789062,28.97477149963379
2015-07-21,121.4769058227539,28.50756072998047
2015-07-22,116.33909606933594,28.37518310546875
2015-07-23,116.28337097167969,28.180511474609375
2015-07-24,115.670166015625,28.741167068481445
2015-07-27,114.06285858154297,28.50756072998047
2015-07-28,114.62960052490234,28.71001434326172
2015-07-29,114.26725769042969,29.28624153137207
2015-07-30,113.69123077392578,29.41082763671875
2015-07-31,112.69710540771484,29.41861343383789
2015-08-03,110.03997039794922,29.247310638427734
2015-08-04,106.50947570800781,29.301816940307617
2015-08-05,107.2155532836914,29.78460121154785
2015-08-06,107.44889068603516,29.543201446533203
2015-08-07,107.81285858154297,29.364107131958008
2015-08-10,111.73265075683594,29.566570281982422
2015-08-11,105.91830444335938,29.247310638427734
2015-08-12,107.55155181884766,29.138290405273438
2015-08-13,107.4675521850586,29.044849395751953
2015-08-14,108.22349548339844,29.22394561767578
2015-08-17,109.34343719482422,29.161653518676758
2015-08-18,108.72746276855469,29.239519119262695
2015-08-19,107.33688354492188,28.787885665893555
2015-08-20,105.13433074951172,28.1727237701416
2015-08-21,98.70401763916016,27.113718032836914
2015-08-24,96.24016571044922,26.007986068725586
2015-08-25,96.81878662109375,25.961265563964844
2015-08-26,102.37183380126953,26.66208267211914
2015-08-27,105.38633728027344,27.113718032836914
2015-08-28,105.73163604736328,27.13707733154297
2015-08-31,105.23699951171875,26.84896469116211
2015-09-01,100.53324890136719,26.210445404052734
2015-09-02,104.84502410888672,26.74773406982422
2015-09-03,103.0064468383789,26.8022403717041
2015-09-04,101.9798355102539,26.38953971862793
2015-09-08,104.8170166015625,27.347320556640625
2015-09-09,102.8011245727539,27.152647018432617
2015-09-10,105.05967712402344,27.417402267456055
2015-09-11,106.59026336669922,27.012489318847656
2015-09-14,107.61686706542969,26.70101547241211
2015-09-15,108.52214813232422,26.27273941040039
2015-09-16,108.64347839355469,26.63093376159668
2015-09-17,106.31961059570312,26.3583927154541
2015-09-18,105.8809585571289,26.218229293823242
2015-09-21,107.52354431152344,26.296100616455078
2015-09-22,105.83430480957031,25.665367126464844
2015-09-23,106.69291687011719,25.704301834106445
2015-09-24,107.32756805419922,25.478483200073242
2015-09-25,107.05689239501953,25.556350708007812
2015-09-28,104.93833923339844,24.23259162902832
2015-09-29,101.78384399414062,24.061283111572266
2015-09-30,102.94112396240234,24.715375900268555
2015-10-01,102.26915740966797,24.139148712158203
2015-10-02,103.01578521728516,24.832176208496094
2015-10-05,103.38910675048828,25.21373176574707
2015-10-06,103.88373565673828,25.221521377563477
2015-10-07,103.38910675048828,24.987913131713867
2015-10-08,102.1944808959961,25.237092971801758
2015-10-09,104.63971710205078,25.167011260986328
2015-10-12,104.15436553955078,25.159225463867188
2015-10-13,104.33171081542969,24.754310607910156
2015-10-14,102.85713195800781,24.73094940185547
2015-10-15,104.39704895019531,24.941190719604492
2015-10-16,103.63176727294922,25.104719161987305
2015-10-19,104.27571105957031,25.026845932006836
2015-10-20,106.17964172363281,25.07356834411621
2015-10-21,106.17029571533203,24.863327026367188
2015-10-22,107.794189453125,25.860036849975586
2015-10-23,111.1353530883789,25.992414474487305
2015-10-26,107.5888671875,25.906761169433594
2015-10-27,106.9075698852539,25.665367126464844
2015-10-28,111.31266784667969,26.007986068725586
2015-10-29,112.48859405517578,25.69651222229004
2015-10-30,111.52732849121094,25.67315673828125
2015-11-02,113.09524536132812,25.860036849975586
2015-11-03,114.39250183105469,25.867828369140625
2015-11-04,113.86053466796875,25.976842880249023
2015-11-05,113.33565521240234,25.743234634399414
2015-11-06,113.46687316894531,25.4317626953125
2015-11-09,113.00760650634766,25.159225463867188
2015-11-10,109.44595336914062,26.233802795410156
2015-11-11,108.82733917236328,26.8022403717041
2015-11-12,108.46180725097656,26.148151397705078
2015-11-13,105.29380798339844,25.93790626525879
2015-11-16,107.01840209960938,26.311677932739258
2015-11-17,106.55913543701172,26.529705047607422
2015-11-18,109.93334197998047,26.555076599121094
2015-11-19,111.32989501953125,26.657878875732422
2015-11-20,111.8172607421875,26.7448673248291
2015-11-23,110.36449432373047,26.37318992614746
2015-11-24,111.42359924316406,26.120132446289062
2015-11-25,110.62692260742188,26.642061233520508
2015-11-27,110.42073059082031,26.736955642700195
2015-11-30,110.87999725341797,26.539260864257812
2015-12-01,109.98018646240234,26.46808624267578
2015-12-02,108.98667907714844,26.064777374267578
2015-12-03,107.97441864013672,25.811721801757812
2015-12-04,111.56419372558594,26.001516342163086
2015-12-07,110.86124420166016,26.270389556884766
2015-12-08,110.81437683105469,25.740549087524414
2015-12-09,108.36808013916016,25.645652770996094
2015-12-10,108.88358306884766,25.376781463623047
2015-12-11,106.08112335205078,24.918115615844727
2015-12-14,105.4250259399414,24.6729679107666
2015-12-15,103.55984497070312,24.886484146118164
2015-12-16,104.35651397705078,25.55076026916504
2015-12-17,102.1445541381836,25.155357360839844
2015-12-18,99.37958526611328,24.688785552978516
2015-12-21,100.5980453491211,24.783681869506836
2015-12-22,100.50433349609375,24.839040756225586
2015-12-23,101.79776000976562,25.400501251220703
2015-12-24,101.25414276123047,25.353059768676758
2015-12-28,100.12003326416016,25.242345809936523
2015-12-29,101.91960906982422,25.621929168701172
2015-12-30,100.58867645263672,25.400501251220703
2015-12-31,98.65788269042969,25.511213302612305
2016-01-04,98.74224853515625,25.455860137939453
2016-01-05,96.26781463623047,25.495405197143555
2016-01-06,94.3838882446289,25.250255584716797
2016-01-07,90.40046691894531,25.01301383972168
2016-01-08,90.87847900390625,25.732641220092773
2016-01-11,92.35000610351562,25.424230575561523
2016-01-12,93.69029998779297,25.424230575561523
2016-01-13,91.281494140625,24.918115615844727
2016-01-14,93.27791595458984,25.210712432861328
2016-01-15,91.03781127929688,24.34874153137207
2016-01-19,90.5972900390625,24.2696590423584
2016-01-20,90.71913146972656,23.7635498046875
2016-01-21,90.25987243652344,24.0561466217041
2016-01-22,95.0587387084961,24.973472595214844
2016-01-25,93.20293426513672,24.506898880004883
2016-01-26,93.71843719482422,25.02882957458496
2016-01-27,87.56050872802734,24.989290237426758
2016-01-28,88.18848419189453,24.71251106262207
2016-01-29,91.23464965820312,25.463769912719727
2016-02-01,90.38172149658203,25.87498664855957
2016-02-02,88.55402374267578,25.226531982421875
2016-02-03,90.30672454833984,24.973472595214844
2016-02-04,91.03235626220703,24.43572998046875
2016-02-05,88.60105895996094,23.84263038635254
2016-02-08,89.53398895263672,23.083463668823242
2016-02-09,89.51514434814453,23.123001098632812
2016-02-10,88.83665466308594,23.217897415161133
2016-02-11,88.29949188232422,23.146724700927734
2016-02-12,88.57278442382812,23.644929885864258
2016-02-16,91.0700454711914,23.92961883544922
2016-02-17,92.46475219726562,24.585981369018555
2016-02-18,90.71195983886719,24.483177185058594
2016-02-19,90.504638671875,24.17476463317871
2016-02-22,91.29621887207031,24.238027572631836
2016-02-23,89.23242950439453,23.747732162475586
2016-02-24,90.56116485595703,23.637020111083984
2016-02-25,91.18312072753906,24.26175308227539
2016-02-26,91.32449340820312,24.040328979492188
2016-02-29,91.11715698242188,24.040328979492188
2016-03-01,94.73583984375,24.791589736938477
2016-03-02,94.94316101074219,24.791589736938477
2016-03-03,95.64993286132812,24.918115615844727
2016-03-04,97.07290649414062,24.965564727783203
2016-03-07,95.99861907958984,24.617612838745117
2016-03-08,95.20703125,24.491086959838867
2016-03-09,95.29185485839844,24.317110061645508
2016-03-10,95.33894348144531,24.17476463317871
2016-03-11,96.36614227294922,24.89439582824707
2016-03-14,96.61114501953125,24.957658767700195
2016-03-15,98.55241394042969,24.73623275756836
2016-03-16,99.8623046875,24.933937072753906
2016-03-17,99.70211029052734,25.266067504882812
2016-03-18,99.81517791748047,24.957658767700195
2016-03-21,99.8057632446289,24.862762451171875
2016-03-22,100.56906127929688,24.70460319519043
2016-03-23,100.01307678222656,24.72041893005371
2016-03-24,99.57960510253906,24.75204849243164
2016-03-28,99.12726593017578,24.862762451171875
2016-03-29,101.47373962402344,25.13163185119629
2016-03-30,103.2453842163086,25.384687423706055
2016-03-31,102.70824432373047,25.34514808654785
2016-04-01,103.65060424804688,25.092092514038086
2016-04-04,104.7154769897461,25.10000228881836
2016-04-05,103.48098754882812,24.24593734741211
2016-04-06,104.56468200683594,24.783681869506836
2016-04-07,102.28417205810547,25.052553176879883
2016-04-08,102.39727020263672,25.47958755493164
2016-04-11,102.73651885986328,25.463769912719727
2016-04-12,104.0746841430664,25.811721801757812
2016-04-13,105.58246612548828,25.66937828063965
2016-04-14,105.63898468017578,25.582387924194336
2016-04-15,103.51866912841797,25.961977005004883
2016-04-18,101.28527069091797,26.017332077026367
2016-04-19,100.74813079833984,26.7448673248291
2016-04-20,100.95545196533203,26.61833953857422
2016-04-21,99.8623046875,26.428544998168945
2016-04-22,99.58902740478516,26.3415584564209
2016-04-25,99.02359771728516,26.396915435791016
2016-04-26,98.33567810058594,26.412729263305664
2016-04-27,92.18204498291016,26.30992889404297
2016-04-28,89.36436462402344,26.080591201782227
2016-04-29,88.33718872070312,25.890804290771484
2016-05-02,88.24295043945312,26.104318618774414
2016-05-03,89.6941909790039,25.819631576538086
2016-05-04,88.7612533569336,25.408414840698242
2016-05-05,88.4009780883789,25.50330924987793
2016-05-06,87.907958984375,25.495405197143555
2016-05-09,87.9743423461914,25.36887550354004
2016-05-10,88.5716323852539,25.780088424682617
2016-05-11,87.70886993408203,25.716827392578125
2016-05-12,85.65148162841797,25.96988296508789
2016-05-13,85.82213592529297,25.724735260009766
2016-05-16,89.00775909423828,25.890804290771484
2016-05-17,88.63799285888672,26.555076599121094
2016-05-18,89.6524658203125,26.990018844604492
2016-05-19,89.3111572265625,26.594614028930664
2016-05-20,90.27822875976562,26.626243591308594
2016-05-23,91.42542266845703,26.19921875
2016-05-24,92.81913757324219,26.689510345458984
2016-05-25,94.44985961914062,27.037460327148438
2016-05-26,95.19886779785156,27.274700164794922
2016-05-27,95.14198303222656,27.432865142822266
2016-05-31,94.67741394042969,26.879304885864258
2016-06-01,93.35006713867188,26.64997100830078
2016-06-02,92.64846801757812,26.721147537231445
2016-06-03,92.83809661865234,26.7448673248291
2016-06-06,93.51124572753906,26.903024673461914
2016-06-07,93.89048767089844,27.02955436706543
2016-06-08,93.80516052246094,26.861562728881836
2016-06-09,94.47831726074219,26.258296966552734
2016-06-10,93.70087432861328,25.41046714782715
2016-06-13,92.28819274902344,24.9783992767334
2016-06-14,92.4019546508789,24.717527389526367
2016-06-15,92.09856414794922,24.750139236450195
2016-06-16,92.4873046875,24.847963333129883
2016-06-17,90.38251495361328,25.19850730895996
2016-06-20,90.16444396972656,25.981124877929688
2016-06-21,90.93241882324219,25.9566650390625
2016-06-22,90.59107971191406,26.103404998779297
2016-06-23,91.112548828125,26.47025489807129
2016-06-24,88.55268859863281,24.595245361328125
2016-06-27,87.26325988769531,23.078929901123047
2016-06-28,88.7328109741211,24.179481506347656
2016-06-29,89.50077056884766,24.55448341369629
2016-06-30,90.63848876953125,25.18220329284668
2016-07-01,90.91344451904297,25.14959716796875
2016-07-05,90.06015014648438,24.644155502319336
2016-07-06,90.57213592529297,24.269153594970703
2016-07-07,90.96085357666016,24.138721466064453
2016-07-08,91.66244506835938,24.43220329284668
2016-07-11,91.94688415527344,24.831661224365234
2016-07-12,92.36404418945312,25.190357208251953
2016-07-13,91.84259796142578,24.945791244506836
2016-07-14,93.6629409790039,25.035463333129883
2016-07-15,93.65345001220703,24.98655128479004
2016-07-18,94.64896392822266,24.856117248535156
2016-07-19,94.6868896484375,24.424047470092773
2016-07-20,94.77222442626953,24.595245361328125
2016-07-21,94.26973724365234,24.54633140563965
2016-07-22,93.53968811035156,25.549055099487305
2016-07-25,92.28819274902344,25.540903091430664
2016-07-26,91.6529541015625,25.312639236450195
2016-07-27,97.6070327758789,25.369709014892578
2016-07-28,98.92488861083984,25.10068130493164
2016-07-29,98.80166625976562,25.190357208251953
2016-08-01,100.54615783691406,25.068073272705078
2016-08-02,99.05764770507812,25.092531204223633
2016-08-03,100.29964447021484,25.42677116394043
2016-08-04,100.91925811767578,25.312639236450195
2016-08-05,102.4539566040039,25.369709014892578
2016-08-08,103.30235290527344,25.206663131713867
2016-08-09,103.72177124023438,25.16590118408203
2016-08-10,102.94963836669922,25.076223373413086
2016-08-11,102.88292694091797,25.459379196166992
2016-08-12,103.12122344970703,25.44307518005371
2016-08-15,104.36043548583984,25.549055099487305
2016-08-16,104.26510620117188,25.44307518005371
2016-08-17,104.11260223388672,25.557205200195312
2016-08-18,103.97914123535156,25.826231002807617
2016-08-19,104.24605560302734,25.524599075317383
2016-08-22,103.435791015625,25.524599075317383
2016-08-23,103.75989532470703,25.589815139770508
2016-08-24,102.9782485961914,25.581661224365234
2016-08-25,102.53975677490234,25.35340118408203
2016-08-26,101.939208984375,25.263729095458984
2016-08-29,101.8248291015625,25.304489135742188
2016-08-30,101.04318237304688,24.970247268676758
2016-08-31,101.13849639892578,24.98655128479004
2016-09-01,101.7390365600586,24.611549377441406
2016-09-02,102.6922836303711,25.190357208251953
2016-09-06,102.6636734008789,25.01100730895996
2016-09-07,103.29280853271484,24.644155502319336
2016-09-08,100.58560943603516,24.611549377441406
2016-09-09,98.307373046875,24.187631607055664
2016-09-12,100.50936126708984,24.831661224365234
2016-09-13,102.90198516845703,24.179481506347656
2016-09-14,106.5433578491211,24.008285522460938
2016-09-15,110.1656494140625,24.106111526489258
2016-09-16,109.54605102539062,23.633281707763672
2016-09-19,108.26871490478516,23.804481506347656
2016-09-20,108.25917053222656,23.975679397583008
2016-09-21,108.24011993408203,24.350679397583008
2016-09-22,109.26009368896484,24.1550235748291
2016-09-23,107.43939971923828,23.763717651367188
2016-09-26,107.60144805908203,23.69849967956543
2016-09-27,107.80162048339844,23.86154556274414
2016-09-28,108.62141418457031,24.0408935546875
2016-09-29,106.93418884277344,23.7392635345459
2016-09-30,107.76350402832031,23.763717651367188
2016-10-03,107.25828552246094,23.796327590942383
2016-10-04,107.71583557128906,23.886001586914062
2016-10-05,107.76350402832031,23.722957611083984
2016-10-06,108.56421661376953,23.27458381652832
2016-10-07,108.72626495361328,22.99740982055664
2016-10-10,110.62321472167969,23.038169860839844
2016-10-11,110.86151885986328,22.703927993774414
2016-10-12,111.85289764404297,22.72023582458496
2016-10-13,111.50971984863281,22.72023582458496
2016-10-14,112.12931060791016,22.66316795349121
2016-10-17,112.05306243896484,22.67131996154785
2016-10-18,111.97681427001953,22.948495864868164
2016-10-19,111.64317321777344,22.63055992126465
2016-10-20,111.58598327636719,22.679473876953125
2016-10-21,111.14749145507812,22.638713836669922
2016-10-24,112.14838409423828,22.557191848754883
2016-10-25,112.72034454345703,22.75284194946289
2016-10-26,110.18472290039062,22.79360580444336
2016-10-27,109.12663269042969,22.703927993774414
2016-10-28,108.40216827392578,22.809907913208008
2016-10-31,108.23058319091797,22.695777893066406
2016-11-01,106.27644348144531,22.410449981689453
2016-11-02,106.37175750732422,22.239253997802734
2016-11-03,105.23159790039062,22.29631805419922
2016-11-04,104.28305053710938,22.10881996154785
2016-11-07,105.78732299804688,22.157732009887695
2016-11-08,106.41010284423828,22.239253997802734
2016-11-09,106.2376480102539,22.32077407836914
2016-11-10,103.27700805664062,21.58707618713379
2016-11-11,103.89022064208984,21.350662231445312
2016-11-14,101.28409576416016,21.097944259643555
2016-11-15,102.62548828125,20.89413833618164
2016-11-16,105.38489532470703,20.97566032409668
2016-11-17,105.3465576171875,21.236530303955078
2016-11-18,105.45197296142578,20.943050384521484
2016-11-21,107.05205535888672,20.79631233215332
2016-11-22,107.1191177368164,20.944612503051758
2016-11-23,106.5729751586914,21.199785232543945
2016-11-25,107.10953521728516,21.463930130004883
2016-11-28,106.89875030517578,20.90155601501465
2016-11-29,106.79336547851562,20.867473602294922
2016-11-30,105.8927001953125,20.824867248535156
2016-12-01,104.90583038330078,20.705577850341797
2016-12-02,105.29867553710938,20.824867248535156
2016-12-05,104.541748046875,20.73114013671875
2016-12-06,105.3465576171875,20.875991821289062
2016-12-07,106.38135528564453,21.276470184326172
2016-12-08,107.42572021484375,21.32759666442871
2016-12-09,109.17911529541016,21.472450256347656
2016-12-12,108.55630493164062,21.32759666442871
2016-12-13,110.36719512939453,21.685470581054688
2016-12-14,110.36719512939453,21.404287338256836
2016-12-15,110.97080993652344,21.029367446899414
2016-12-16,111.11453247070312,21.506532669067383
2016-12-19,111.7564697265625,21.412803649902344
2016-12-20,112.0534896850586,21.208303451538086
2016-12-21,112.15888977050781,21.123098373413086
2016-12-22,111.42113494873047,21.063451766967773
2016-12-23,111.64148712158203,21.003807067871094
2016-12-27,112.35051727294922,20.910076141357422
2016-12-28,111.87145233154297,20.782264709472656
2016-12-29,111.84270477294922,20.90155601501465
2016-12-30,110.97080993652344,20.816347122192383
2017-01-03,111.2869873046875,21.2679500579834
2017-01-04,111.16243743896484,21.753637313842773
2017-01-05,111.72771453857422,22.409738540649414
2017-01-06,112.97330474853516,22.350093841552734
2017-01-09,114.0080795288086,21.796241760253906
2017-01-10,114.123046875,22.179677963256836
2017-01-11,114.73627471923828,22.597200393676758
2017-01-12,114.25719451904297,22.707969665527344
2017-01-13,114.05598449707031,22.60572052001953
